epoch,train_loss,train_accuracy,train_precision,train_recall,train_f1,val_loss,val_accuracy,val_precision,val_recall,val_f1
1,0.5430003506348254,0.7697345690303437,0.7858781462374392,0.7414995020628824,0.7630441034221328,0.2536850667829755,0.9107499002792182,0.9210899182561307,0.9801670146137788,0.949710625386301
2,0.5096772011703725,0.7704001788508831,0.7383550109283744,0.8376216897343658,0.7848620752040069,0.23474838537205556,0.912445153570004,0.918866291648637,0.9851542565530039,0.950856375237882
3,0.5072057383481331,0.7805570798528545,0.7684059070007097,0.8031928947421905,0.7854143997774101,0.2365325769041754,0.9099521340247307,0.9224034146875342,0.9774994200881466,0.9491525423728814
4,0.5069626066421966,0.7838546430095726,0.7817473926287547,0.7875942523829847,0.7846599307510074,0.23588522457203287,0.9120462704427603,0.9226736566186108,0.9798190675017397,0.9503881201484982
5,0.5079629671589141,0.7861969798589517,0.7967296366145838,0.7684490783082333,0.782333862682923,0.23732085881908987,0.9086557638611886,0.9243392070484582,0.9734400371143587,0.9482544345271721
6,0.5065742010161067,0.7803385972400056,0.7665719696969697,0.8061601934841371,0.785867831634422,0.23646332717435375,0.9092540885520543,0.917225708721056,0.9831825562514498,0.9490595611285266
7,0.5079709949124463,0.7849368940918237,0.7825053147008151,0.7892404934658456,0.7858584734315159,0.23688112787759988,0.9119465496609493,0.9236833461075221,0.9784272790535838,0.9502675302731625
