epoch,train_loss,train_accuracy,train_precision,train_recall,train_f1,val_loss,val_accuracy,val_precision,val_recall,val_f1
1,0.5410648006921627,0.7705068796618092,0.7749692693861108,0.7623925370404243,0.7686294598263453,0.25269524809680405,0.9103510171519744,0.9223449633599475,0.9780793319415448,0.9493948775682521
2,0.5070585141876429,0.7819238664309087,0.7940247573021324,0.7613458528951487,0.7773420072420912,0.24153790971900843,0.9122457120063822,0.926040061633282,0.9758756668986314,0.9503049469166478
3,0.5002527041227517,0.7831839521980367,0.7759272828088797,0.7963335568969372,0.7859979939819458,0.23422201411633553,0.9129437574790586,0.9243237323403789,0.9788912085363025,0.9508252126401172
4,0.5003878000653766,0.7881480804016016,0.7999471095361507,0.7684795642542122,0.7838976681990868,0.23745076169696036,0.9107499002792182,0.9268589106176113,0.97297610763164,0.9493577774005545
5,0.5004806429612776,0.7888136902221409,0.7958178941671177,0.7769749812003333,0.7862835635174463,0.2366503377126742,0.9101515755883526,0.9266217261575864,0.9725121781489213,0.9490125063663629
6,0.5005217043607846,0.7905513891429384,0.7977278880396527,0.7784992784992785,0.7879962970582185,0.24011930351770377,0.91094934184284,0.9292458069532378,0.9703085131060079,0.9493333333333334
7,0.4996343457923599,0.7890321728349897,0.794701231958389,0.7794138568786456,0.7869833110163709,0.2370623450113248,0.9105504587155964,0.9261833829857663,0.9735560194850382,0.9492790500424089
8,0.5003813832068165,0.787050586346361,0.7897922544242113,0.7823201837286344,0.7860384621275162,0.2350171202722984,0.9114479457518947,0.924292297564187,0.9770354906054279,0.9499323410013532
