epoch,train_loss,train_accuracy,train_precision,train_recall,train_f1,val_loss,val_accuracy,val_precision,val_recall,val_f1
1,0.2918386897887103,0.9436108599496591,0.9100704798048251,0.9845067324845433,0.9458263390813368,0.1493359074378625,0.9523568682986041,0.9654533565823888,0.982913569288805,0.9741052284347682
2,0.15797793762758375,0.9390044231568143,0.8954064226443335,0.9941350406881553,0.9421914445190727,0.14596731127359164,0.9566053004248433,0.9632987910189983,0.9901253744591146,0.9765278765661761
3,0.1473888631677255,0.9505999364629408,0.9160611940972065,0.9921067422594756,0.952568659885733,0.1586015662894799,0.9597410479465911,0.9692776990957621,0.9871297015422168,0.9781222515391381
4,0.14044615291641094,0.955682901199873,0.9299714074893931,0.9855819750250483,0.9569694740713498,0.1698934632138564,0.9545822375075865,0.9727312872598808,0.9775879285476534,0.9751535609540147
5,0.13677308092010207,0.9651034920945236,0.9521320821950351,0.9794482050780773,0.9655969933506794,0.22611718815870774,0.9497268865061703,0.9798287130944332,0.9647176300898702,0.9722144574271817
6,0.13308704194496385,0.9590919087998827,0.9377402893958106,0.9834803646049706,0.9600658412652974,0.17623763063397163,0.9552903095286264,0.9751635436301141,0.9758127149672695,0.9754880212954747
7,0.13035799994249828,0.9574423889934264,0.9274329816869891,0.9925466142078639,0.9588856755002065,0.19380820523469877,0.9565041472789804,0.9724760541671253,0.9800288472206813,0.976237842617153
