epoch,train_loss,train_accuracy,train_precision,train_recall,train_f1,val_loss,val_accuracy,val_precision,val_recall,val_f1
1,0.4203521411117602,0.8796790059539218,0.898595887308633,0.8559496073863146,0.876754463496553,0.2491452529644355,0.9378919684402185,0.9681194961542748,0.9636081216021303,0.9658585409252669
2,0.3192082180026877,0.8810941409957719,0.8715903545526444,0.8938821296056605,0.8825955082984016,0.1946242671364393,0.9467934452761481,0.9634159659277056,0.9788083878841674,0.971051183269125
3,0.29987643764376903,0.8964621623953749,0.9167664453394289,0.8721028561567004,0.8938770817303014,0.2526550893791211,0.944972688650617,0.9720209564151153,0.9674914013092201,0.9697508896797153
4,0.2892170910441849,0.8995426697730606,0.9048668310511866,0.8929674691517818,0.8988777708289903,0.2614361978112123,0.9428484725874975,0.9721663313212608,0.9649395317874182,0.9685394509716576
5,0.2804667692935756,0.9036586418155147,0.9099337516211574,0.8960048321684356,0.9029155761154057,0.2543887514143418,0.9472992110054622,0.9731446400713172,0.9689337623432819,0.9710346361260911
6,0.2729136407638491,0.9047631374579342,0.9091194529723695,0.8994391233065838,0.9042533811039879,0.2108058640972162,0.9497268865061703,0.9707052841034711,0.9742594030844336,0.9724790962954759
7,0.26737684205536283,0.9098455431875054,0.9196960325174516,0.8981102769867978,0.9087749934514974,0.24112496343560708,0.949929192797896,0.9757596067917784,0.9691556640408299,0.9724464236014473
